run_id,run_date,model_id,model_name,prompt_id,type,category,target_sov,prompt_text,godaddy_mentioned,rate_accurate,rate_saver_mentioned,competitors_cited,response_excerpt
2026-08-W32,2026-08-03 17:39 UTC,o3-mini,o3-mini,B1,U,pricing_fee,85,What is the cheapest payment processor for a small business?,N,N/A,N,Square|Stripe,"There's no one-size-fits-all answer—it depends on your business model, transaction volume, and whether you're processing online, in-person, or both. However, many small businesses find that:  • Square is very cost-effective for in-person transactions with no monthly fees and competitive rates (often around 2.6% + 10¢ per swipe).  • Stripe is"
2026-08-W32,2026-08-03 17:39 UTC,o3-mini,o3-mini,B2,U,pricing_fee,85,What payment processor has the lowest in-person fees?,N,N/A,N,,[ERROR: empty response from API]
2026-08-W32,2026-08-03 17:39 UTC,o3-mini,o3-mini,B3,U,pricing_fee,85,What payment processors charge no per-transaction fixed fee?,N,N/A,N,,[ERROR: empty response from API]
2026-08-W32,2026-08-03 17:39 UTC,o3-mini,o3-mini,B4,U,pricing_fee,85,Which payment processors charge less than 3% per transaction?,N,N/A,N,,[ERROR: empty response from API]
2026-08-W32,2026-08-03 17:39 UTC,o3-mini,o3-mini,B5,U,payment_processing,55,What are the best payment processors for in-person sales?,N,N/A,N,Square|PayPal|Clover|Shopify,"Some top choices for processing in-person sales include:  • Square – Renowned for its user-friendly hardware and transparent, flat-fee pricing. • Clover – Offers customizable POS systems ideal for various business sizes. • Shopify POS – Great if you need seamless integration with an online store. • PayPal Zettle (formerly iZettle) – A strong option for small to medium-sized retailers.  Your best choice depends on your specific needs, such as hardware requirements, pricing structure, and integration with other systems."
2026-08-W32,2026-08-03 17:39 UTC,o3-mini,o3-mini,B6,U,pricing_fee,70,What payment processor has no monthly fee and no per-transaction fee?,N,N/A,N,,[ERROR: empty response from API]
2026-08-W32,2026-08-03 17:39 UTC,o3-mini,o3-mini,B7,U,pricing_fee,65,What is the most transparent payment processor with no hidden fees?,N,N/A,N,Stripe,"Stripe is widely recognized for its transparent, upfront fee structure with no hidden fees (typically around 2.9% + 30¢ per transaction in the U.S.). However, it's important to compare options since the best choice can depend on your business model, location, and transaction needs. Always review the current pricing details and terms to ensure it matches your requirements."
2026-08-W32,2026-08-03 17:39 UTC,o3-mini,o3-mini,B8,U,pricing_fee,70,"What is the cheapest payment processor for under $10,000 a month?",N,N/A,N,,[ERROR: empty response from API]
2026-08-W32,2026-08-03 17:39 UTC,o3-mini,o3-mini,B9,U,pricing_fee,70,How can I reduce my credit card processing fees?,N,N/A,N,,"To reduce your credit card processing fees, try these steps: • Negotiate with your current provider for better rates or switch to a pricing model like interchange-plus. • Shop around and compare offers from different processors. • Optimize transaction methods (e.g., encourage chip or contactless payments) to lower fraud and chargeback risks. • Increase your processing volume to qualify for volume discounts. • Consider legally passing on fees or using surcharging where permitted."
2026-08-W32,2026-08-03 17:39 UTC,o3-mini,o3-mini,B10,U,pricing_fee,65,What are the hidden fees in credit card processing to watch out for?,N,N/A,N,,"Hidden fees in credit card processing can include:  • Monthly minimums and statement fees – Even with low sales, you might be charged to meet a minimum monthly fee.  • Payment gateway and equipment rental fees – Some providers charge ongoing fees for using their gateway or rented devices.  • PCI compliance or security fees – Fees for maintaining security standards can add up.  • Chargeback or dispute fees – When a customer contests a transaction, extra fees may be levied.  • Batch or transaction ""hidden"" fees – These may be charged for processing batches of transactions or for each swipe.  • Early termination fees – If you cancel before the contract ends, you might incur penalty fees.  Watch for complex pricing models or vague fee structures, as these can mask additional costs in your monthly statement."
2026-08-W32,2026-08-03 17:39 UTC,o3-mini,o3-mini,B11,U,pricing_fee,60,Can I pass credit card fees to my customers legally?,N,N/A,N,,"The legality of passing credit card fees (often called surcharges) to customers varies by location and circumstances. In many U.S. states and countries, it is legal provided you comply with:  • State or local laws that may restrict or regulate surcharges. • Credit card network rules (e.g., Visa, Mastercard guidelines) which require clear disclosure and may have specific restrictions. • Your merchant agreement with your bank or payment processor.  Because the rules can be complex and vary by jurisdiction, you should consult legal counsel or a financial professional to ensure full compliance."
2026-08-W32,2026-08-03 17:39 UTC,o3-mini,o3-mini,B12,U,pricing_fee,65,How do I get 0% credit card processing for my business?,N,N/A,N,,[ERROR: empty response from API]
2026-08-W32,2026-08-03 17:39 UTC,o3-mini,o3-mini,B13,U,pricing_fee,60,Can I charge customers a fee for paying with a credit card?,N,N/A,N,,"It depends on your location and your agreements with credit card companies. In many places—like most U.S. states—charging a surcharge is allowed if you follow rules such as proper disclosure and not exceeding any limits set by law or by credit card networks. However, some states or countries prohibit or restrict such fees, and your merchant agreement may also have specific terms you must follow. It’s best to review your local laws and your credit card contracts to ensure compliance before charging a surcharge."
2026-08-W32,2026-08-03 17:39 UTC,o3-mini,o3-mini,B14,U,pricing_fee,55,What is the best surcharging or cash discount program for small business?,N,N/A,N,,[ERROR: empty response from API]
2026-08-W32,2026-08-03 17:39 UTC,o3-mini,o3-mini,B15,U,comparison,70,What are the best alternatives to Square for small businesses?,N,N/A,N,Square|Stripe|PayPal|Clover|Toast|Shopify,"Some popular alternatives to Square for small businesses include:  • PayPal – Offers both mobile and in-person payment solutions with PayPal Here and robust online payment features.   • Stripe – Provides powerful online payment tools along with Stripe Terminal for in-person transactions.   • Shopify POS – Ideal for retailers, especially those with an online storefront, offering seamless integration between physical and digital sales.   • Clover – A versatile system with a range of hardware and software options tailored to various business types.   • Toast – Designed specifically for restaurants and food service establishments, with tools to manage orders, payments, and operations.   • SumUp – Known for its simple, mobile-first payment solutions, making it suitable for small businesses on the go.  Each option has its unique strengths, so the best choice depends on your specific business needs and sales channels."
2026-08-W32,2026-08-03 17:39 UTC,o3-mini,o3-mini,B16,U,top_funnel_pos,60,What is the best POS system for a small business?,N,N/A,N,Square|Shopify|Lightspeed,"There isn’t a one-size-fits-all answer—it depends on your business’s specific needs. That said, many small businesses find Square POS to be an excellent choice because it’s user-friendly, requires low upfront costs, and offers a range of features (payment processing, inventory tracking, and reporting) ideal for small operations. Other alternatives to consider include Shopify POS (great for retail businesses with online components) and Lightspeed (robust for inventory-intensive environments). Assess your specific requirements (like hardware, software integration, payment processing fees, and inventory management) to choose the one that best fits your business."
2026-08-W32,2026-08-03 17:39 UTC,o3-mini,o3-mini,B17,U,top_funnel_pos,60,What is the cheapest POS system with no contract?,N,N/A,N,Square,"Square is widely recognized as one of the cheapest options with no contracts. Its point‐of‐sale app is free to use, with you only paying transaction fees (typically around 2.6% + 10¢ per swipe or dip). This pay-as-you-go model means there are no monthly fees or long‐term commitments, making it an attractive choice for small businesses looking to minimize upfront costs."
2026-08-W32,2026-08-03 17:39 UTC,o3-mini,o3-mini,B18,U,top_funnel_pos,55,Where can I get free POS hardware or a free credit card reader?,N,N/A,N,,[ERROR: empty response from API]
2026-08-W32,2026-08-03 17:39 UTC,o3-mini,o3-mini,V1,U,vertical_fb,50,What is the best POS system for a coffee shop?,N,N/A,N,Square|Toast,"There isn’t a one-size-fits-all answer, but many small to medium coffee shops favor Square POS for its affordability, ease of use, and mobile capabilities. If you need more robust features like kitchen management, loyalty programs, and dedicated restaurant support, Toast is another great option. Ultimately, the best choice depends on your specific needs, budget, and operational requirements."
2026-08-W32,2026-08-03 17:39 UTC,o3-mini,o3-mini,V2,U,vertical_fb,50,What is the best POS for a food truck?,N,N/A,N,Square|Clover|Toast,"Square's POS system is often considered the best option for food trucks due to its ease-of-use, mobility, and straightforward pricing. Its mobile-friendly app, fast processing, and minimal hardware requirements make it ideal for small, on-the-go businesses. However, you should evaluate your specific needs—such as inventory management, offline capabilities, and integration with other systems—before deciding, as other options like Toast or Clover might better suit certain operations."
2026-08-W32,2026-08-03 17:39 UTC,o3-mini,o3-mini,V3,U,vertical_fb,50,What is the best POS for a small counter-service restaurant?,N,N/A,N,Square|Toast|Lightspeed,"Toast POS is one of the top choices. It’s designed specifically for restaurants, offering features like integrated online ordering, inventory management, and employee scheduling. Its user-friendly interface and robust reporting tools make it ideal for small, counter-service operations. However, the best solution depends on your specific needs and budget, so it's wise to explore a few options (like Square for Restaurants or Lightspeed) through demos before deciding."
2026-08-W32,2026-08-03 17:39 UTC,o3-mini,o3-mini,V4,U,vertical_fb,45,What is the best POS for a bakery?,N,N/A,N,,[ERROR: empty response from API]
2026-08-W32,2026-08-03 17:39 UTC,o3-mini,o3-mini,V5,U,vertical_fb,45,What POS supports online ordering for a cafe or counter service restaurant?,N,N/A,N,Square|Clover|Toast,"Toast POS is a popular solution that supports online ordering for café or counter service restaurants. Other systems like Square for Restaurants and Clover also offer integrated online ordering features, allowing you to efficiently manage both in-person and online sales."
2026-08-W32,2026-08-03 17:39 UTC,o3-mini,o3-mini,V6,U,vertical_fb,50,What is the cheapest POS system for a coffee shop or cafe?,N,N/A,N,,[ERROR: empty response from API]
2026-08-W32,2026-08-03 17:39 UTC,o3-mini,o3-mini,V7,U,vertical_retail,55,What is the best POS system for a retail store?,N,N/A,N,Square|Shopify|Lightspeed,"There isn’t a one-size-fits-all answer—it depends on your store’s size, inventory, and specific needs. For many small to medium retail stores, Square POS is popular due to its ease of use, affordable pricing, and robust features. If you require advanced inventory management or omnichannel selling, you might consider systems like Lightspeed Retail or Shopify POS. We recommend evaluating your requirements (such as budget, integrations, and scalability) before making a choice."
2026-08-W32,2026-08-03 17:39 UTC,o3-mini,o3-mini,V8,U,vertical_retail,55,What is the cheapest POS system for a retail store?,N,N/A,N,Square,"Square for Retail is often cited as one of the cheapest options. It offers a free, easy-to-use POS app with no monthly fee, so you only pay per transaction. However, be sure to factor in any hardware costs (like tablets or card readers) and compare current processing fees to see if it fits your total budget needs."
2026-08-W32,2026-08-03 17:39 UTC,o3-mini,o3-mini,V9,U,vertical_retail,55,How do I lower credit card processing fees for my retail store?,N,N/A,N,,"To lower fees, start by shopping around and comparing providers. Negotiate the processing rates with your current or new provider, and examine all fees (like transaction, monthly, and hidden charges) closely. Consider strategies like encouraging cash payments or surcharges (if legal in your area) and using cost-effective payment terminals or technology to reduce costs overall."
2026-08-W32,2026-08-03 17:39 UTC,o3-mini,o3-mini,V10,U,vertical_retail,55,What is the best POS for a retail store with no contract?,N,N/A,N,Square,"Square for Retail is widely regarded as an excellent no-contract option. It offers transparent, usage‐based pricing without long-term commitments, easy setup, robust inventory management, and integration with various payment processors and hardware. That said, the ""best"" POS ultimately depends on your"
2026-08-W32,2026-08-03 17:39 UTC,o3-mini,o3-mini,V11,U,vertical_retail,45,"I process about $10,000 a month in cards, should I switch from Square?",N,N/A,N,Square,"It depends on your overall needs. Square can be convenient and comes with a lot of extra features, but if you're processing $10,000 a month, you might be paying higher fees compared to volume-based providers. I recommend reviewing your fee structure and comparing it with"
2026-08-W32,2026-08-03 17:39 UTC,o3-mini,o3-mini,V12,U,vertical_retail,45,What is the best POS for a small clothing or apparel store?,N,N/A,N,Square|Lightspeed,"Square for Retail is often considered one of the best POS systems for small clothing or apparel stores. It offers an intuitive, easy-to-use interface, robust inventory management (including handling variations and multiple sizes/colors), integrated payments, and affordable pricing with no long-term contracts. That said, the ""best"" choice can depend on your specific needs, so you might also consider alternatives like Vend or Lightspeed Retail if you require additional features."
2026-08-W32,2026-08-03 17:39 UTC,o3-mini,o3-mini,V13,U,vertical_retail,45,What is the best POS for a boutique clothing store?,N,N/A,N,Square|Shopify|Lightspeed,"The ""best"" POS can vary based on your store's specific needs, but many boutique clothing stores favor Square for Retail. It offers robust inventory management, intuitive design, and scalable features suited to boutiques. Other strong contenders include Vend, Lightspeed Retail, and Shopify POS, so consider factors like inventory complexity, budget, and desired integrations when deciding."
2026-08-W32,2026-08-03 17:39 UTC,o3-mini,o3-mini,V14,U,vertical_retail,45,What POS system is best for a gift shop or specialty store?,N,N/A,N,Square|Lightspeed,"Some popular options for gift shops or specialty stores include:  • Square Retail – It’s user-friendly, affordable, and offers strong inventory and customer management features ideal for small to mid-sized retailers.  • Lightspeed Retail – Known for its robust inventory management and customization, it’s a great choice if you need more advanced features or have multiple locations.  • Vend POS – Also a solid option with a focus on inventory and customer insights for specialty retail operations.  Ultimately, the best system depends on your specific needs and budget."
2026-08-W32,2026-08-03 17:39 UTC,o3-mini,o3-mini,V15,U,vertical_retail,50,What is the best POS system with inventory management for retail?,N,N/A,N,Square|Lightspeed,"There isn’t a one-size-fits-all answer, but many retailers find that Lightspeed Retail offers a robust blend of POS and inventory management features. It provides powerful inventory tracking, detailed reporting, and seamless multi-channel sales support—making it an excellent choice for growing retail businesses.  Other solid options include: • Vend – Known for its user-friendly interface and strong inventory control, especially for multi-location retailers. • Square for Retail – Ideal for small businesses, it combines easy setup and integrated inventory management with flexible hardware solutions.  Your choice should align with your business size, complexity of inventory needs, and budget."
2026-08-W32,2026-08-03 17:39 UTC,o3-mini,o3-mini,V16,U,vertical_retail,50,What is the best affordable POS for a small retail shop?,N,N/A,N,Square,"Square POS is widely regarded as one of the best affordable options for a small retail shop. It offers free basic software, competitive per-transaction fees, and features like inventory management, sales reporting, and employee tracking. Its user-friendly interface and compatibility with various hardware (like the Square Stand and card readers) make it a strong choice for small retailers looking to keep costs low while maintaining robust functionality."
2026-08-W32,2026-08-03 17:39 UTC,o3-mini,o3-mini,V17,U,vertical_retail,50,What POS works for a retail store with both in-person and online sales?,N,N/A,N,Square|Shopify|Lightspeed,"Square POS is a popular option that supports both in-person and online sales through its integrated system. It offers a unified dashboard, inventory management, and seamless integration with e-commerce platforms. Other alternatives to consider include Shopify POS (ideal if you’re already using Shopify for your online store), Lightspeed Retail, and Vend, all of which provide strong omnichannel capabilities. The best choice depends on your specific business needs and existing infrastructure."
2026-08-W32,2026-08-03 17:39 UTC,o3-mini,o3-mini,V18,U,vertical_retail,50,What POS systems support buy online pick up in store?,N,N/A,N,Square|Clover|Shopify|Lightspeed,"POS systems that support buy online, pick up in store (BOPIS) typically offer deep integration with e-commerce platforms. Notable examples include:  • Shopify POS – Seamlessly connects online storefronts with physical locations. • Square POS – Offers online ordering with in-store pickup features. • Lightspeed Retail – Provides integrated click-and-collect solutions. • Revel Systems – Supports BOPIS as part of its multi-channel retail suite. • Clover – Can be integrated with online ordering systems to enable store pickup.  These systems, among others, are designed to handle BOPIS workflows by linking inventory, order management, and customer pickup processes efficiently. The best choice depends on your specific business needs and integration preferences."
2026-08-W32,2026-08-03 17:39 UTC,o3-mini,o3-mini,V19,U,vertical_retail,50,Is Clover or Square cheaper for a retail store?,N,N/A,N,Square|Clover,"Generally speaking, Square tends to be the more cost‑effective option for most small and medium-sized retail stores. Square offers a transparent fee structure with no monthly fees for basic services and affordable hardware options. Clover, on the other hand, typically involves higher upfront hardware costs and may include monthly fees, which can make it more expensive unless you need its advanced, fully integrated features. Ultimately, the best choice depends on your specific business needs and transaction volume."
2026-08-W32,2026-08-03 17:39 UTC,o3-mini,o3-mini,V20,U,vertical_retail,45,What is the best POS for a retail store with multiple locations?,N,N/A,N,Lightspeed,"There isn’t a one-size-fits-all answer, but many multi-location retailers favor systems like Lightspeed Retail (formerly Vend) because it offers robust multi-location inventory management, centralized reporting, and scalability. Alternatives like"
2026-08-W32,2026-08-03 17:39 UTC,o3-mini,o3-mini,V21,U,vertical_retail,50,How much does a retail POS system cost per month?,N,N/A,N,,"The monthly cost of a retail POS system typically ranges from about $50 to $300 per month, depending on the features, hardware integration, and vendor. Small businesses might find basic systems around $50 to $150 monthly, while more robust, enterprise-level solutions can easily exceed $200 per month."
2026-08-W32,2026-08-03 17:39 UTC,o3-mini,o3-mini,V22,U,general_in_person,50,What is the best payment processor for service businesses with no hardware?,N,N/A,N,Stripe,"For service businesses that operate entirely online, Stripe is widely considered one of the best options. It offers robust APIs, easy integration for invoicing and subscriptions, transparent pricing, and strong global support—all without requiring any hardware."
2026-08-W32,2026-08-03 17:39 UTC,o3-mini,o3-mini,V23,U,general_in_person,50,What is the best way to send professional invoices and accept payments?,N,N/A,N,Stripe|PayPal,"Using a cloud-based invoicing system like QuickBooks, FreshBooks, or Zoho Invoice is one of the best ways. These platforms let you create polished invoices, email them directly, set up recurring billing, and integrate with payment processors (like Stripe, PayPal, or credit card gateways) so you can accept online payments quickly."
2026-08-W32,2026-08-03 17:39 UTC,o3-mini,o3-mini,V24,U,general_in_person,45,What is the best POS system for a hair salon?,N,N/A,N,Square,"There isn’t a one-size-fits-all answer, but many salon owners favor systems designed specifically for the beauty industry. For example:  • Salon Iris – Tailored for salons, it combines appointment scheduling, client management, inventory tracking, and marketing tools in one package.  • Mindbody – Popular for wellness and beauty businesses, it offers robust booking and client management features along with marketing and payment integration.  • Square – A more general solution that’s easy to set up, with appointment scheduling add-ons and robust payment processing.  The best POS depends on your specific needs (budget, size, and features you require), so comparing these options based on your priorities is recommended."
2026-08-W32,2026-08-03 17:39 UTC,o3-mini,o3-mini,V25,U,general_in_person,45,What payment processors accept HSA and FSA cards?,N,N/A,N,,[ERROR: empty response from API]
2026-08-W32,2026-08-03 17:39 UTC,o3-mini,o3-mini,V26,U,general_in_person,45,What payment system works for an auto repair shop?,N,N/A,N,Square|PayPal|Clover,"An integrated payment processing solution that accepts multiple payment types (credit/debit cards, mobile wallets, etc.) is ideal. Many auto repair shops use point‐of‐sale systems (like Square, Clover, or PayPal Here) or repair-specific management software (like Mitchell 1 or Shop-Ware) that include secure payment gateways. These systems simplify invoicing, track transactions, and often integrate with your repair management software, ensuring both customer convenience and streamlined operations."
2026-08-W32,2026-08-03 17:39 UTC,o3-mini,o3-mini,V27,U,general_in_person,45,What is the best way for a small service business to accept credit cards?,N,N/A,N,Square|Stripe,"A great option is to use a payment processor like Square or Stripe. These services offer low setup costs, transparent pricing, and easy-to-use mobile card readers or online integrations. This lets you accept credit cards quickly without needing to invest in expensive hardware or long-term contracts."
2026-08-W32,2026-08-03 17:39 UTC,o3-mini,o3-mini,V28,U,general_in_person,45,What is the best payment processor for a chiropractic practice?,N,N/A,N,,[ERROR: empty response from API]
2026-08-W32,2026-08-03 17:39 UTC,o3-mini,o3-mini,V29,U,general_in_person,45,What payment system works for a medical office or clinic?,N,N/A,N,,"A HIPAA-compliant system that integrates with your practice management or EHR software is ideal. Many clinics use specialized medical billing solutions—such as Kareo, AdvancedMD, or Athenahealth—that include integrated payment"
2026-08-W32,2026-08-03 17:39 UTC,o3-mini,o3-mini,L1,U,payment_processing,60,What payment processor lets me send invoices from my own business email?,N,N/A,N,,[ERROR: empty response from API]
2026-08-W32,2026-08-03 17:39 UTC,o3-mini,o3-mini,L2,U,payment_processing,55,How do contractors and home service businesses accept credit card payments?,N,N/A,N,,Contractors and home service businesses typically partner with payment processors that offer merchant accounts and provide PCI-compliant methods to accept credit card payments. They often use mobile card readers or online invoicing solutions so they can process payments on-site or remotely.
2026-08-W32,2026-08-03 17:39 UTC,o3-mini,o3-mini,L3,U,pricing_fee,55,How much can I save by switching from Square to a lower-fee processor?,N,N/A,N,Square,"The answer depends on your sales volume and typical transaction size. For example, if you process $10,000 in monthly sales across 200 transactions, Square’s fees at 2.6% plus 10¢ per transaction would roughly cost you 2.6% of"
2026-08-W32,2026-08-03 17:39 UTC,o3-mini,o3-mini,L4,U,payment_processing,50,How do I switch payment processors without disrupting my business?,N,N/A,N,,"To switch payment processors without disrupting your business, follow these steps:  1. Research and select a new provider that fits your needs, including compatibility, fees, and features. 2. Set up a test environment to ensure smooth integration with your existing systems. 3. Plan and schedule the switchover during low-traffic periods to minimize impact. 4. Gradually phase in the new processor while keeping the old system running as a backup. 5. Communicate any necessary changes to customers and staff ahead of time. 6. Prepare fallback procedures in case of unforeseen issues during the transition.  This methodical approach helps ensure a seamless switch with minimal disruption."
2026-08-W32,2026-08-03 17:39 UTC,o3-mini,o3-mini,L5,U,payment_processing,50,What payment processor offers free onboarding and migration support?,N,N/A,N,,[ERROR: empty response from API]
2026-08-W32,2026-08-03 17:39 UTC,o3-mini,o3-mini,L6,U,payment_processing,40,What is the best merchant cash advance for small businesses?,N,N/A,N,,[ERROR: empty response from API]
2026-08-W32,2026-08-03 17:39 UTC,o3-mini,o3-mini,S1,U,support,65,Which payment processors offer 24/7 phone support?,N,N/A,N,,[ERROR: empty response from API]
2026-08-W32,2026-08-03 17:39 UTC,o3-mini,o3-mini,S2,U,support,60,What POS systems offer live human customer support?,N,N/A,N,,[ERROR: empty response from API]
2026-08-W32,2026-08-03 17:39 UTC,o3-mini,o3-mini,S3,U,support,50,How do I switch from Square without losing data?,N,N/A,N,Square,"To switch from Square without losing data, follow these steps:  1. Export your data: Log in to your Square Dashboard and export your transactions, customer information, inventory, and any other key data as CSV files. Make sure you’ve backed up all the details you might need later.  2. Check data compatibility: Review the data import features of your new system to ensure it can accept the CSV files or data formats from Square. If there’s a migration tool available, that can simplify the process.  3. Test the import: Before fully switching over, run a test import with a small data sample in your new system to verify that all data fields map correctly and no critical information is lost.  4. Finalize the switch: Schedule a migration window during a low-traffic period, complete the full import, and perform thorough checks to ensure everything has transferred properly.  By carefully exporting, testing, and verifying your data, you can switch from Square without losing important information."
2026-08-W32,2026-08-03 17:39 UTC,o3-mini,o3-mini,S4,U,support,50,What payment processor helps you migrate for free?,N,N/A,N,,[ERROR: empty response from API]
2026-08-W32,2026-08-03 17:39 UTC,o3-mini,o3-mini,S5,U,support,60,What POS system has the best customer support?,N,N/A,N,Square|Toast|Lightspeed,"There isn’t a universally ""best"" POS system for customer support since experiences depend on business needs and priorities. However, many users praise Toast for its responsive, personalized support, particularly in the restaurant industry. Square, Lightspeed, and Vend also have good reputations for customer service. I recommend reviewing recent user feedback and possibly testing support channels through demos to determine which system aligns best with your specific requirements."
2026-08-W32,2026-08-03 17:39 UTC,o3-mini,o3-mini,H1,B,brand_awareness,100,What is GoDaddy Payments?,Y,N,N,,"GoDaddy Payments is a payment processing service offered by GoDaddy that lets merchants accept digital payments—such as credit cards and debit cards—directly on their websites. It’s designed to simplify online payment integration for small businesses and entrepreneurs, providing an all-in-one solution to manage transactions without needing to set up a separate third-party payment processor."
2026-08-W32,2026-08-03 17:39 UTC,o3-mini,o3-mini,H2,B,comparison,100,GoDaddy Payments vs Square,Y,N,N,Square,"GoDaddy Payments is designed mainly for users who already use GoDaddy for website building and hosting—it offers a seamless integration for managing online sales without juggling multiple platforms. Square, on the other hand, is a more established all-in-one solution for both online and brick-and-mortar businesses, featuring robust point-of-sale hardware, advanced analytics, inventory management, and broader third-party integrations. Choose GoDaddy Payments if you prefer a streamlined solution within the GoDaddy ecosystem, and opt for Square if you need a more feature-rich, flexible system that supports both in-person and online transactions."
2026-08-W32,2026-08-03 17:39 UTC,o3-mini,o3-mini,H3,B,comparison,100,GoDaddy Payments vs Helcim,Y,N,N,Helcim,"GoDaddy Payments is aimed at small business owners using GoDaddy’s website builder and related services, offering a simple, integrated solution with straightforward pricing. In contrast, Helcim is a more comprehensive payment processor that emphasizes transparent, interchange-plus pricing, robust features (including in-person POS options), and greater customization for growing businesses. Your ideal choice depends on whether you prefer a streamlined integration with basic payment needs (GoDaddy Payments) or a more flexible, feature-rich solution as your business scales (Helcim)."
2026-08-W32,2026-08-03 17:39 UTC,o3-mini,o3-mini,H4,B,comparison,100,GoDaddy Payments vs Clover,N,N/A,N,,[ERROR: empty response from API]
2026-08-W32,2026-08-03 17:39 UTC,o3-mini,o3-mini,H5,B,brand_awareness,100,What is Rate Saver GoDaddy Payments?,N,N/A,N,,[ERROR: empty response from API]
2026-08-W32,2026-08-03 17:39 UTC,o3-mini,o3-mini,P1,U,vertical_fb,0,What payment processor should I switch to from Toast?,N,N/A,N,,[ERROR: empty response from API]
2026-08-W32,2026-08-03 17:39 UTC,o3-mini,o3-mini,P2,U,payment_processing,0,What is the best payment processor for WooCommerce?,N,N/A,N,Stripe|PayPal,"There's no one-size-fits-all answer, but many WooCommerce users favor Stripe for its ease of integration, robust features, and global support. If customer familiarity is key, PayPal is also a strong option. The best choice depends on your specific business needs and target market."
2026-08-W32,2026-08-03 17:39 UTC,o3-mini,o3-mini,P3,U,payment_processing,0,What payment processor integrates natively with WordPress?,N,N/A,N,,WooCommerce Payments integrates natively with WordPress. Developed by Automattic—the people behind WordPress.com and WooCommerce—it allows you to manage transactions directly from your WordPress dashboard without needing additional plugins for the basic payment processing setup.
2026-08-W32,2026-08-03 17:39 UTC,o3-mini,o3-mini,P4,U,payment_processing,0,What is the best payment processor for a WordPress website with a physical store?,N,N/A,N,,[ERROR: empty response from API]
2026-08-W32,2026-08-03 17:39 UTC,o3-mini,o3-mini,P5,B,comparison,0,GoDaddy Payments vs Toast,Y,N,N,Toast,"GoDaddy Payments is designed for small businesses needing an integrated online payment solution, especially for websites and e-commerce, while Toast is a comprehensive restaurant point-of-sale (POS) system tailored for restaurants with features like order management, table service, and inventory control. Essentially, if you run a restaurant, Toast’s specialized tools are likely a better fit; for general online sales, GoDaddy Payments may be more appropriate."
2026-08-W32,2026-08-03 17:39 UTC,o3-mini,o3-mini,P6,B,comparison,0,GoDaddy Payments vs Shopify Payments,Y,N,N,Shopify,"GoDaddy Payments is designed for users building websites primarily with GoDaddy’s tools, offering a straightforward payment solution integrated into their website builder. In contrast, Shopify Payments is built specifically for Shopify stores—providing seamless integration with all Shopify features, a simplified fee structure (no extra transaction fees on Shopify stores), and a streamlined checkout process.  Choose GoDaddy Payments if you’re using GoDaddy for your website and need a simple, integrated payment option."
2026-08-W32,2026-08-03 17:39 UTC,o3-mini,o3-mini,P7,U,vertical_retail,0,What is the best POS for a convenience or liquor store?,N,N/A,N,,[ERROR: empty response from API]
